LastName, FirstName, Course
Thompson, Lizabeth T. , Industrial and Manufacturing Engineering
Abercromby, Kira J. , Aerospace Engineering
Abo Ismail, Mohammed  , Animal Science
Adams, Nikki L. , Biological Sciences
Adams, Aubrie S. , Communication Studies
Adan, Elizabeth  , Interdisciplinary Studies in the Liberal Arts, Women's and Gender Studies
Agbo, Samuel O. , Electrical Engineering
Ahlgren, William L. , Electrical Engineering
Aivazpour, Zahra  , Management, HR, and Information Systems
Al-Nakib, Farah  , History
Alaniz, Ryan C. , Social Sciences
Alber, Julia M. , Kinesiology
Alexander, Benjamin  , Management, HR, and Information Systems
Allen, Regulus L. , English
Almeida, Daniel J. , School of Education
Alzraiee, Hani  , Civil and Environmental Engineering
Amin, Samir  , Food Science and Nutrition
Amos, Dave  , City and Regional Planning
Anderson, Bing  , Finance
Anderson, Bradford P. , Accounting
Anderson, Christian  , World Languages and Cultures
Anderson, Paul E. , Computer Science
Appel, Christopher S. , Natural Resources Management and Environmental Sciences
Arakaki, Dean Y. , Electrical Engineering
Arceneaux, Craig  , Political Science
Archer, Graham C. , Architectural Engineering
Arens, Robert M. , Architecture
Arrington, Nancy  , Political Science
Arrivee, David A. , Music
Askay, David A. , Communication Studies
Awwad, Mohamed  , Industrial and Manufacturing Engineering
Ayash, Brian  , Finance
Babin, Nicholas  , Natural Resources Management and Environmental Sciences
Ball, Stephen W. , Philosophy
Baltimore, Craig V. , Architectural Engineering
Barata, Antonio G. , Music
Barlow, Philip L. , Construction Management
Bass, Beverly J. , Landscape Architecture
Bates, G.W.  , BioResource and Agricultural Engineering
Battenburg, John  , English
Battle, Martin  , Political Science
Bean, Timothy W. , Biological Sciences
Beaton, Brian  , History
Bednarek, Ziemowit K. , Finance
Beekman, Matthew  , Physics
Behrouzi, Anahid  , Architectural Engineering
Belanger, Jacques  , Mechanical Engineering
Bellardo, John M. , Computer Engineering, Computer Science
Bencharit, Lucy  , Psychology and Child Development
Bennert, Vardha N. , Physics
Bennett, Penny K. , College of Liberal Arts, Graphic Communication
Bennett, Darin C. , Animal Science
Bennion, Kelly Ann , Psychology and Child Development
Bensky, Thomas J. , Physics
Benson, Bridget G. , Computer Engineering, Electrical Engineering
Berber-Jimenez, Lola  , Liberal Studies
Bergman, Sky  , Art and Design
Bernard, Thomas J. , Theatre and Dance
Berning, Leanne M. , Animal Science
Bettergarcia, Jay  , Psychology and Child Development
Beyramali Kivy, Mohsen  , Materials Engineering
Birdsong, Charles B. , Mechanical Engineering
Black, Michael W. , Biological Sciences
Blank, Jason M. , Biological Sciences
Blau, Jnan A. , Communication Studies
Bockmon, Emily  , Chemistry and Biochemistry
Bodwin, Kelly N. , Statistics
Bohr, Gregory S. , Social Sciences
Bonini, Vincent  , Mathematics
Bordeman, Adam  , Accounting
Borzellino, Joseph E. , Mathematics
Boswell, Michael R. , City and Regional Planning
Brady, Pamalee  , Architectural Engineering
Brammeier, Meredith  , Music
Braun, David B. , Computer Engineering, Electrical Engineering
Bridger, Sarah  , History
Brown, D. Kenneth  , Philosophy
Brown, J. Wyatt  , Horticulture and Crop Science
Brussel, Eric S. , Mathematics
Burd, Matthew A. , Animal Science
Burgunder, Lee B. , Accounting
Burke, Ellen  , Landscape Architecture
Burleson, James  , Management, HR, and Information Systems
Burn, Shawn Meghan , Psychology and Child Development
Bush, Seth  , Chemistry and Biochemistry
Byrne, Andrew M. , School of Education
Cabrinha, Mark  , Architecture
Cacciamani, Laura  , Psychology and Child Development
Cai, Xiaowei  , Agribusiness
Call, Lewis W. , History
Callenes-Sloan, Joseph  , Computer Engineering, Electrical Engineering
Camp, Charles D. , Mathematics
Campbell, Brad  , English
Campbell, Tammy  , Chemistry and Biochemistry
Campos Chillon, Fernando  , Animal Science
Cannon, Karen J. , Agricultural Education and Communication
Caplan, Lana Z , Art and Design
Cardinal, Kristen O'Halloran , Biomedical Engineering
Cardinal, Trevor  , Biomedical Engineering
Carlton, Matthew A. , Statistics
Carr, Chris A. , Accounting
Carrigan, Coleen M. , Social Sciences
Carroll, Jennifer  , Chemistry and Biochemistry
Carter, Amy  , Orfalea College of Business
Casassa, Luis Federico , Wine and Viticulture
Castillo, Alfred  , Management, HR, and Information Systems
Castro, Luis  , Food Science and Nutrition
Cavaletto, Richard A. , College of Agriculture, Food and  Environmental Sciences
Cerf, Douglas C. , Accounting
Chadwell, Charles  , Civil and Environmental Engineering
Chamberlain, David  , Accounting
Champney, Danielle  , Mathematics
Chance, Beth L. , Statistics
Charalampidis, Stathis  , Mathematics
Chen, Sophia  , World Languages and Cultures
Chen, John  , Mechanical Engineering
Chen, Leida  , Management, HR, and Information Systems
Cheuk, Tina  , School of Education
Chiu, Yi-wen  , Natural Resources Management and Environmental Sciences
Choboter, Paul F. , Mathematics
Choudhury, Gour  , Food Science and Nutrition
Christiansen, Jodi  , Physics
Clague, David  , Biomedical Engineering
Clark, Robert D. , Kinesiology
Clay, Gary R. , Landscape Architecture
Cleary, Joseph  , Construction Management
Clement, Sandra L. , Biological Sciences
Clements, John  , Computer Science
Clifford, Dale T. , Architecture
Cobb, Richard  , Natural Resources Management and Environmental Sciences
Cole, Matthew  , Economics
Colvin, Kurt  , Industrial and Manufacturing Engineering
Conway-Silva, Bethany A. , Communication Studies
Costanzo, Philip  , Chemistry and Biochemistry
Costello, Enrica Lovaglio , Art and Design
Costello, Michael J. , Wine and Viticulture
Cravens, R.G.  , Political Science
Crockett, Robert  , College of Engineering, Biomedical Engineering
Crutchfield, Stephen A. , School of Education
D'Avignon, India  , Music
da Silva, Bruno  , Computer Science
Dahm, Patricia  , Management, HR, and Information Systems
Dandekar, Hemalata  , City and Regional Planning
Dang, Li  , Accounting
Daniels, Denise H. , Psychology and Child Development
Danowitz, Andrew R. , Computer Engineering, Electrical Engineering
Dao, Linh  , Art and Design
Davidson, Jean M. , Biological Sciences 
Davis, Steven C. , Kinesiology
Davis, Brennan  , Marketing
Davol, Andrew I. , Mechanical Engineering
Day, Miran  , Landscape Architecture
de la Fuente, Javier  , Industrial Technology and Packaging
De Lay, Ann M. , Agricultural Education and Communication
DeBruhl, Bruce E. , Computer Engineering, Computer Science
Decock, Charlotte L.M. , Natural Resources Management and Environmental Sciences, Horticulture and Crop Science
Deffo, Arnold  , Aerospace Engineering
Deif, Ahmed  , Industrial Technology and Packaging
Deigert, Michael  , Architectural Engineering
Dekhtyar, Alexander  , Computer Science
Del Rio Nascimento, Vicente  , City and Regional Planning
Delbridge, Timothy A. , Agribusiness
Den Hartog, Christopher  , Political Science
Den Otter, Ronald  , Political Science
Denbow, Jennifer  , Political Science
DePiero, Fred  , Electrical Engineering
Derelian, Doris  , Food Science and Nutrition
Derickson, Dennis  , Electrical Engineering
DeTurris, Dianne J. , Aerospace Engineering
Dhillon, Anuraj  , Communication Studies
Dicus, Christopher A. , Natural Resources Management and Environmental Sciences
Dietterick, Brian C. , Natural Resources Management and Environmental Sciences
Dilworth, Kathryn F. , College of Science and Mathematics
Dimitrova, Elena  , Mathematics
Ding, Shunping  , Wine and Viticulture, Horticulture and Crop Science
Disanto, Thomas L. , Architecture
Djassemi, Manocher  , Industrial Technology and Packaging
Dobson, John  , Finance
Dodson Peterson, Jean  , Wine and Viticulture
Doi, Jimmy A. , Statistics
Dolan, Dale S. L. , Electrical Engineering
Donegan, Lorraine D. , Graphic Communication
Dong, Kevin J. , Architectural Engineering
Donig, Deb  , English
Doremus, Jaqueline  , Economics
Drake, Aaron  , Aerospace Engineering
Duffy, Bernard K. , Communication Studies
Durham, Garland B. , Finance
Eagon, Scott C. , Chemistry and Biochemistry
Easton, Robert W. , Mathematics
Echols, Robert  , Physics
Eckhardt, Christian  , Computer Science
Edwards, Mark S. , Animal Science
Edwards, Louise O.V. , Physics
Eisty, Nasir  , Computer Science
El Badawy, Amr  , Civil and Environmental Engineering
Elghandour, Elthary  , Mechanical Engineering
Eller, Dan  , Journalism
Ellis, Allison M. , Management, HR, and Information Systems
Emberley, Richard  , Mechanical Engineering
Emyan, Mariam  , College of Architecture and  Environmental Design
Espinoza-Wade, Eric  , Mechanical Engineering
Esquivel, Ramon  , Theatre and Dance
Estes, Allen C. , Architectural Engineering
Estrada, Aaron R. , Psychology and Child Development
Fagan, Kevin  , World Languages and Cultures
Fang, Dongfeng  , Computer Science
Faruque, Omar  , Landscape Architecture
Faure, Pauline  , Aerospace Engineering
Feng, Yiming  , Food Science and Nutrition
Fernando, Raymond  , Chemistry and Biochemistry
Fernflores, Francisco  , Philosophy
Fernflores, Rachel  , Philosophy
Fernsler, Jonathan  , Physics
Fidopiastis, Pantelis M. , Biological Sciences
Fiegel, Gregg L. , Civil and Environmental Engineering
Fiorenza, Giancarlo  , Art and Design
Firpo, Christina E. , History
Fischer, Stefanie  , Economics
Fisher, Eric  , Economics
Fitzhenry, William  , English
Fleischer, Amy S. , College of Engineering
Flores, Carlos A. , Economics
Floyd, Barry  , Management, HR, and Information Systems
Flushman, Tanya R. , School of Education
Fogle, Emily  , Chemistry and Biochemistry
Folk, Elizabeth  , Art and Design
Forster, Sophia  , English
Fowler, Thomas , IV, FAIA , Architecture
Foxen, Anya P. , Philosophy
Frame, Samuel  , Statistics
Francis, Clinton D. , Biolocial Sciences
Frantz, Sara J. , Art and Design
Frantz, Derik K. , Chemistry and Biochemistry
Freberg, Laura A. , Psychology and Child Development
Freed, Tali  , Industrial and Manufacturing Engineering
Fricker, Geoffrey Andrew , Social Sciences
Frye, Amanda  , Liberal Studies
Funston-Timms, Benjamin F. , Social Sciences
Galanti, Tera  , Art and Design
Galvan-Mandujano, Martha Carolina , World Languages and Cultures
Garcia, Antonio F. , Physics
Garcia, Julie A. , Psychology and Child Development
Garner, Lauren C. , Horticulture and Crop Science
Gaudi, Franklin  , BioResource and Agricultural Engineering
Gearhart, Richard O. , Journalism
Gharibyan, Hasmik  , Computer Science
Ghoddusi, Hamed  , Finance
Giberti, Bruno  , Architecture, Academic Programs and Planning
Gill, Samantha J. , Natural Resources Management and Environmental Sciences, BioResource and Agricultural Engineering
Gillen, Glen D. , Physics
Gillen, Katharina  , Physics
Gillette, David  , English, Liberal Arts and Engineering Studies
Glanz, Hunter S. , Statistics
Glick, Mary M. , Journalism
Glysson, Scott  , Music
Goel, Rakesh K. , College of Engineering, Civil and Environmental Engineering
Goldenberg, Marni  , Experience Industry Management
Goodman, Anya  , Chemistry and Biochemistry
Gopalan, Giri  , Statistics
Gorman, Larry R. , Finance
Gragson, Derek E. , College of Science and Mathematics, Chemistry and Biochemistry
Granger, Brian E. , Physics
Greenbaum, Bruce  , Management, HR, and Information Systems
Greenwood, Jerusha B. , Experience Industry Management
Greenwood, P. Brian  , Experience Industry Management
Greever, Cory J. , Kinesiology
Greve, Adrienne I. , City and Regional Planning
Griffin, Lanny  , Biomedical Engineering
Grossenbacher, Dena L. , Biological Sciences
Grundmeier, Todd A. , Mathematics
Gu, Caixing  , Mathematics
Guise, Megan  , School of Education
Gutierrez, Thomas D. , Physics
Haberland, Matthew D. , BioResource and Agricultural Engineering
Habib, Kenneth  , Music
Hackman, Christine L.  , Kinesiology
Hagen, John  , Chemistry and Biochemistry
Hagobian, Todd A. , Kinesiology
Hailer, Jason D. , Construction Management
Hajrasouliha, Amir  , City and Regional Planning
Hall, Garrett J. , Civil and Environmental Engineering
Hall, Kellie Green , College of Science and Mathematics, Kinesiology
Hamachi, Leslie  , Chemistry and Biochemistry
Hamilton, Lynn  , Agribusiness
Hamilton, Margaret E. , Mathematics
Hamilton, Stephen  , Economics
Hampsey, John C. , English
Hanson, James L. , Civil and Environmental Engineering
Harding, Trevor S. , Materials Engineering
Hardy, Kristina  , Biological Sciences
Harsh, Matthew  , Interdisciplinary Studies in the Liberal Arts
Hatch, Ryan  , English
Hauck, Allan  , Construction Management
Haungs, Michael L. , Computer Science; Liberal Arts and Engineering Studies
Hawkins, Benjamin George , Biomedical Engineering, Electrical Engineering
Haynes, M. Taylor  , Chemistry and Biochemistry
Hazelwood, Scott  , Biomedical Engineering
Headrick, David H. , Horticulture and Crop Science
Healy, Brian P. , Theatre and Dance
Helmbrecht, Brenda  , English
Helms, Eleanor D. , Philosophy
Hendricks-Bolen, Karin A. , Theatre and Dance
Hess, Jeffrey  , Marketing
Hewavitharana, Shashika  , Horticulture and Crop Science
Heying, Michael D. , Chemistry and Biochemistry
Heylman, Christopher M. , Biomedical Engineering 
Hickman, Emily  , Accounting
Higgins, Lindsey M. , Agribusiness
Hill, Margarita M. , Landscape Architecture
Hill, Alessandro  , Industrial and Manufacturing  Engineering
Hillers, Kenneth J. , Biological Sciences
Himelblau, Edward T. , Biological Sciences
Hoellwarth, Chance  , Physics
Holladay, Bret  , Statistics
Holtzapple, Robert  , Physics
Hoover, Benjamin K. , Horticulture and Crop Science
Hopper, Matthew S. , History
Horney, Marc R. , Animal Science
Howe, Patrick C. , Journalism
Howes, Daniel J. , BioResource and Agricultural Engineering
Hurley, Sean P. , Agribusiness
Hurt, Shelley L. , Political Science
Huzzey, Juliana M. , Animal Science
Hydock, Chris  , Marketing
Immoos, Chad E. , Chemistry and Biochemistry
Iscold, Paulo  , Aerospace Engineering
Isom, Denise A. , Ethnic Studies
Jackson, Douglas  , Architecture
Jackson, Lorraine D. , Communication Studies
Jackson, Thanayi  , History
Jaggia, Sanjiv  , Economics
James, Jonathan  , Economics
James, Jeremy  , Natural Resources Management and Environmental Sciences
Jankovitz, Kristine Z. , Kinesiology
Jansen, Daniel  , Civil and Environmental Engineering
Janzen, David S. , Computer Science
Jasbinsek, John J. , Physics
Jeffery, Elizabeth  , Physics
Jenkins, Ryan  , Philosophy
Jensen, Jessica L. , School of Education
Jin, Xiaomin  , Electrical Engineering
Jipson, Jennifer  , Psychology and Child Development
Johnston, Scott C. , Physics
Johnston, Liz B. , Social Sciences
Jones, Dane R. , Chemistry and Biochemistry
Jones, Eric  , Chemistry and Biochemistry
Jones, R. Thomas  , Architecture
Jones, Terry L. , Social Sciences
Jones, Barry  , Construction Management
Jovanovic, Jasna  , Psychology and Child Development
Jung, Stephanie  , Food Science and Nutrition
Kabaker, Russ  , College of Agriculture, Food and Environmental Sciences
Kachlakev, Damian I. , Civil and Environmental Engineering
Kaczorowski, Jessica  , Psychology and Child Development
Kane, Steven  , School of Education
Kang, Iksoon  , Animal Science
Kantorowski, Eric J. , Chemistry and Biochemistry
Kasper, Eric P. , Civil and Environmental Engineering
Kathuria, Ajay  , Industrial Technology and Packaging 
Kato, Goro C. , Mathematics
Katona, Thomas M. , Biomedical Engineering
Kauffmann, Krista J. , English
Kaul, Anton  , Mathematics
Kazerouni, Ayaan M. , Computer Engineering
Keadle, Sarah K. , Kinesiology
Kean, Andrew J. , Mechanical Engineering
Kearns, Timothy J. , Computer Science
Keeling, Elena L. , Biological Sciences
Keen, Aaron W. , Computer Science
Keese, James R. , Social Sciences
Keesey, Douglas  , English
Keif, Malcolm G. , Graphic Communication
Keim, Nathan C. , Physics
Keller, John M. , Physics
Kelting, Scott D. , Construction Management
Kelting, Mary  , Orfalea College of Business
Kennelly, Brian  , World Languages and Cultures
Khosmood, Foaad  , Computer Engineering, Computer Science
Kingsbury, Kevin B. , Chemistry and Biochemistry
Kirby, David  , Interdisciplinary Studies in the Liberal Arts
Kirk, Colleen M. , Mathematics
Kiste, Alan L. , Chemistry and Biochemistry
Kitts, Christopher L. , Biological Sciences
Klay, Jennifer L. , Physics
Klisch, Stephen M. , Mechanical Engineering
Knight, Charles A. , Biological Sciences
Kolegraff, Stacy  , Construction Management
Kolkailah, Faysal  , Aerospace Engineering
Kolluru, Gita R. , Biological Sciences
Kolodziejski, Lauren R. , Communication Studies
Krifka, Laura  , Art and Design
Kuhn-Choi, Don H. , Architecture
Kurfess, Franz J. , Computer Science
Kuriabova, Tatiana  , Physics
La Frano, Michael  , Food Science and Nutrition
Lacanienta, Andrew  , Experience Industry Management
Laiho, Lily  , Biomedical Engineering
Lambertz-Berndt, Megan M. , Communication Studies
Lammert, Amy  , Food Science and Nutrition
Lange, Karen F. , Architecture
Langner, Carrie A. , Psychology and Child Development
Lappe, Martine Danielle , Social Sciences
Lathrop, Amanda A. , Food Science and Nutrition
Latner, Michael  , Political Science
Laursen, Peter T. , Architectural Engineering
Laver, Gary D. , Psychology and Child Development
Lawson, John W. , Architectural Engineering
Lease, Terry  , Wine and Viticulture
Lecat, Benoit  , Wine and Viticulture
Lee, Linda  , Psychology and Child Development
Lee, Jean L. , Materials Engineering
Lee, Jess  , Social Sciences
Lehr, Corinne  , Chemistry and Biochemistry
Lehr, Jane L. , Ethnic Studies, Women’s and Gender Studies
Leithner, Anika  , Political Science
Lema, Sean C. , Biological Sciences
Lemieux, Patrick  , Mechanical Engineering
Lepore, Jason  , Economics
Lertwachara, Kevin  , Management, HR, and Information Systems
Liddicoat, Albert  , Electrical Engineering, Computer Engineering
Liese, Jeffrey E. , Mathematics
Lin, Patrick  , Philosophy
Lin, Joyce T. , Mathematics
Lin, Kevin  , Experience Industry Management
Liu, Bo  , BioResource and Agricultural Engineering
Livingston, Peter A. , BioResource and Agricultural Engineering
Liwanag, Heather   , Biological Sciences
Lloyd-Moffett, Stephen  , Philosophy
Loberg, Molly J. , History
LoCascio, James Gaspare , Mechanical Engineering
London, Blair  , Materials Engineering
Long, Todd  , Philosophy
Lopus, Sara E. , Social Sciences
Lowham, Elizabeth A. , Political Science
Lucas, Michael Austin , Architecture
Lund, Ulric J. , Statistics
Lundquist, Tryg J. , Civil and Environmental Engineering
Lupo, Christopher  , Computer Engineering, Computer Science
Lutz, Benjamin  , Mechanical Engineering
Lynch, Joseph  , Philosophy
Ma , Ruoxi  , Graphic Communication
Maber, David A. , Accounting
MacCarley, Arthur Carl , Electrical Engineering
MacDougall, Neal A. , Agribusiness
Macedo, Jose  , Industrial and Manufacturing Engineering
Machamer, Joshua T. , Theatre and Dance
Mackin, Thomas J. , Mechanical Engineering
Macro, Kenneth L. , Graphic Communication
Maddren, Jesse  , Mechanical Engineering
Mahadev, Sthanu  , Mechanical Engineering
Main, Kelly D. , City and Regional Planning
Maitland, Padma  , Architecture
Malama, Bwalya  , Natural Resources Management and Environmental Sciences
Malcom, Lorna A. , College of Architecture and Environmental Design
Manjarin, Rodrigo  , Animal Science
Marchbanks, Paul  , English
Marijuan, Silvia  , World Languages and Cultures
Marlier, John F. , Chemistry and Biochemistry
Marlow ,, Colleen A. (2014
Marshall, David D. , Aerospace Engineering
Martinez, Andres W. , Chemistry and Biochemistry
Martinez, Charmaine  , Art and Design
Martinez, Nathaniel W. , Biological Sciences
Martinez, Shanae A. , English
Mase, Tom  , Mechanical Engineering
Mastoridis, Themistoklis  , Physics
Maurice, Stefanee  , Kinesiology
Mayer, Hans  , Mechanical Engineering
McCormick, Kathryn E. , Art and Design
McCullough, Michael P. , Agribusiness
McDaniel, Cole C. , Architectural Engineering
McDonald, Ashley  , Chemistry and Biochemistry
McDonald, Margot K. , Architecture
McDonald, Casey  , Journalism
McFarlane, Zach  , Animal Science
McGaughey, Karen J. , Statistics
McLamore, Alyson  , Music
McNeil Chand, Christina J. , Theatre and Dance
Mealy, Bryan J. , Computer Engineering, Electrical Engineering
Medina, Elsa  , Mathematics
Medizade, Mason  , Mechanical Engineering
Mehiel, Eric A. , College of Engineering, Aerospace Engineering
Mello, Joseph D. , Mechanical Engineering
Mendes, Anthony A. , Mathematics
Metcalf, Lynn E. , Industrial Technology and Packaging
Mewes, Matthew  , Physics
Meyers, Joan  , Social Sciences
Migler, Theresa  , Computer Science
Miklowitz, Paul  , Philosophy
Milbourne, Chelsea  , English
Miller, Charles , R. (1987
Mitchell, David  , Physics
Mock, Rodney  , Accounting
Moelter, Matthew J. , Physics
Moore, Matthew J. , Political Science
Moreno, J. Kelly  , Psychology and Child Development
Morris, Andrew D. , History
Moss, Robb E. S. , Civil and Environmental Engineering
Mott, Jennifer  , Mechanical Engineering
Muleta, Misgana  , Civil and Environmental Engineering
Munoz-Christian, Karen  , World Languages and Cultures
Murphy, Kate  , History
Murray, William R. , Mechanical Engineering
Mwangi, James  , Architectural Engineering
Myers, Allison  , Art and Design
Nafisi, Ahmad  , Electrical Engineering
Nation, Jasmine  , Liberal Studies
Navarro, Jenell R. , Ethnic Studies
Navarro, Jose  , Ethnic Studies
Nazmi, Aydin  , Food Science and Nutrition
Neff, Grace Ann , Chemistry and Biochemistry
Neill, Dawn  , Interdisciplinary Studies in the Liberal Arts
Neill, Stern  , Marketing
Nelson, Jill  , Architectural Engineering
Nelson, Yarrow M. , Civil and Environmental Engineering
Nelson, Leslie R. , Communication Studies
Neumann, Natasha  , School of Education
Nico, Phillip L. , Computer Engineering, Computer Science
Niku, Saeed B. , Mechanical Engineering
Noland, Jaymie J. , Animal Science
Noori, Mohammad  , Mechanical Engineering
Nuttall, Brent  , Architectural Engineering
Nuworsoo, Cornelius K. , City and Regional Planning
O'Bryant, Camille P. , College of Science and Mathematics, Kinesiology
O'Hara, Christine E. , Landscape Architecture
Oliver, John Y. , Electrical Engineering, Computer Engineering
Olsen, Eric  , Industrial Technology and Packaging
Olsen, Clare  , Architecture
Orth, Joel J. , History
Osborn, Brian  , Architecture
Oulton, Rebekah L. , Civil and Environmental Engineering
Owen, Franklin C. , Mechanical Engineering
Oza, Javin P. , Chemistry and Biochemistry
Oñate-Madrazo, Andrea  , History
Pal, Nirupam  , Civil and Environmental Engineering
Palandoken, Hasan  , Chemistry and Biochemistry
Pan, Jianbiao J. , Industrial and Manufacturing Engineering
Pande, Anurag  , Civil and Environmental Engineering
Pantoja, Maria  , Computer Engineering, Computer Science
Papathakis, Peggy C. , Food Science and Nutrition
Paquin, Dana  , Mathematics
Park, Michael  , Journalism
Parrotta, Kylie Lynn , Social Sciences
Pascual, Christopher C. , Mechanical Engineering
Pasulka, Alexis L. , Biological Sciences 
Patel, Pratish A. , Finance
Patton, Linda J. , Mathematics
Pearse, Erin P.J. , Mathematics
Perrine, John D. , Biological Sciences
Peters, Jason  , English
Peterson, Daniel G. , Animal Science
Peterson, Zachary  , Computer Science
Peuker, Steffen  , Mechanical Engineering
Phelan, Suzanne  , Kinesiology
Phillips, Stephen J. , Architecture
Piburn, Patti  , Journalism
Pierce, Todd J. , English
Pilkington, Wayne  , Electrical Engineering
Pilolla, Kari  , Food Science and Nutrition
Pokharel, Siroj  , Animal Science
Ponitz, Jeffrey A. , Architecture
Porumamila, Hemanth  , Mechanical Engineering
Poshtan, Majid  , Electrical Engineering
Pouraghabagher, A. Reza  , Industrial and Manufacturing  Engineering
Pressler, Yamina  , Natural Resources Management and Environmental Sciences
Prince, James P , College of Agriculture, Food and Environmental Sciences
Prodanov, Vladimir  , Electrical Engineering
Pulitano, Elvira  , Ethnic Studies
Qenani-Petrela, Eivis  , Agribusiness
Qu, Bing  , Civil and Environmental Engineering
Ragsdale, Joseph J. , Landscape Architecture
Rahim, Ashraf  , Civil and Environmental Engineering
Rahman, Shikha  , Civil and Environmental Engineering
Rajakaruna, Nishanta  , Biological Sciences
Ramezani, Cyrus A. , Finance
Ramrakhiani, Sonia H. , School of Education
Rastad, Mahdi  , Finance
Razi, Alpen  , Ethnic Studies
Reaves, Scott  , Food Science and Nutrition
Rees, Gordon L. , Natural Resources Management and Environmental Sciences
Reich, Jonathan  , Architecture
Rein, Steven  , Statistics
Retsek, Dylan Q. , Mathematics
Ribeiro, Bruno  , Graphic Communications
Rice, Margaret , S. (1996
Richert, Benjamin P. , Mathematics
Ridgely, John R. , Mechanical Engineering
Riley, Kate J. , Mathematics
Rinzler, Paul  , Music
Rios, Laura  , Physics
Ritter, Matthew K. , Biological Sciences
Robbins, Marian E. , Mathematics
Roberts, Joni  , Kinesiology
Rodgers, Julie Spencer , Psychology and Child Development
Ronan, Briana M. , School of Education
Rong, Xiaoying  , Graphic Communication
Rosenthal, Mira  , English
Ross, Kevin James , Statistics
Rossman, Allan J. , Statistics
Roy, Soma  , Statistics
Rucas, Stacey L. , Social Sciences
Rudi Polloshka, Jeta  , Agribusiness
Ruef, Michael  , School of Education
Rummell, Kathryn  , College of Liberal Arts
Russell, Craig H. , Music
Ruszczycky, Steven  , English
Ruttenberg, Benjamin I. , Biological Sciences
Ryalls, Emily D. , Interdisciplinary Studies in the Liberal Arts
Ryan, Kathleen A. , Psychology and Child Development
Ryujin, Donald H. , Psychology and Child Development
Sabbag, Anelise G. , Statistics
Sadek, Mohammad  , BioResource and Agricultural Engineering
Sagarwala, Ahmed  , Graphic Communication
Saghri, John A. , Electrical Engineering
Saha, Koushik  , Industrial Technology and Packaging
Saliklis, Edmond P. , Architectural Engineering
Sanchez, Fernando Fabio , World Languages and Cultures
Sapper, Erik D. , Chemistry and Biochemistry
Sattler, Meredith J. , Architecture
Saunders, Karl F. , Physics
Schaeffer, Robert K. , Social Sciences
Schaffner, Andrew  , Statistics
Schinck-Mikel, Amelie  , Mathematics
Schroeter, Christiane  , Agribusiness
Schuster, Peter J. , Mechanical Engineering
Schwab, Keri  , Experience Industry Management
Schwartz, Debora  , English
Schwartz, Peter V. , Physics
Schwartz, Gregory  , BioResource and Agricultural Engineering
Scott, Gregory E. , Chemistry and Biochemistry
Scriven, Tal E. , Philosophy
Self, Brian P. , Mechanical Engineering
Seng, John S. , Computer Engineering, Computer Science
Serrano-Careaga, Jesus  , Psychology and Child Development
Settle, Allen K. , Political Science
Shaban, Ali O. , Electrical Engineering
Shafran, Aric  , Economics
Shan, Yan  , Journalism
Shani, Abraham , B. (1983
Shapiro, Jonathan  , Mathematics
Sharpe, John P. , Physics
Sherman, Morgan P. , Mathematics
Shields, Jennifer  , Architecture
Shin, Joongmin  , Industrial Technology and Packaging
Shollenberger, Kim A. , Mechanical Engineering
Sikalidis, Angelos  , Food Science and Nutrition
Silvestri, Michael G. , Chemistry and Biochemistry
Simonian, Lonny G. , Construction Management
Singh, Jagjit ,  (2003
Sistla, Seeta  , Natural Resources Management and Environmental Sciences
Sklar, Jeffrey C. , Statistics
Slivovsky, Lynne A. , Computer Engineering, Electrical Engineering
Smilkstein, Tina  , Electrical Engineering, Computer Engineering
Smith, Hugh M. , Computer Engineering, Computer Science
Smith, Taylor F. , Psychology and Child Development
Somoza-Norton, Andrea Fabiana , School of Education
Sparks, Jacob  , Philosophy
Spiller, Robert  , Animal Science
Spiller, W. Terrence , Music
Sprayberry, Kim A. , Animal Science
Staley, Clinton A. , Computer Science
Stanchev, Lubomir  , Computer Science
Stanko, Taryn  , Management, HR, and Information Systems
Stankus, Mark  , Mathematics
Stannard, Sandra  , Architecture
Stanton, Diana L. , Theatre and Dance
Starzyk, Gregory F. , Construction Management
Stegner, Paul Dustin  , English
Steinmaus, Scott J. , Horticulture and Crop Science
Strand, Christy  , Biological Sciences
Styles, Stuart W. , BioResource and Agricultural Engineering
Sun, Dennis L. , Statistics
Sungar, Nilgun  , Physics
Surfleet, Christopher Graham , Natural Resources Management and Environmental Sciences
Swan, Benjamin G. , Agricultural Education and Communication
Sweatt, Lisa I. , Psychology and Child Development
Sze, Lawrence  , Mathematics
Szlavik, Robert  , Biomedical Engineering
Talke, Stefan A. , Civil and Environmental Engineering
Tanvir, Shams  , Civil and Environmental Engineering
Taufik,   , Electrical Engineering
Taylor, Emily N. , Biological Sciences
Taylor, J. Kevin  , School of Education
Tejani, James  , History
Telesetsky, Anastasia  , Natural Resources Management and Environmental Sciences
Teramoto Pedrotti, Jennifer  , College of Liberal Arts, Psychology and Child Development
Teufel, Brady  , Journalism
Thatcher, Tracy  , Civil and Environmental Engineering
Theobold, Allison  , Statistics
Theodoropoulos, Christine Olympia , College of Architecture and Environmental Design
Thomas, Jafra  , Kinesiology
Thompson, John Jay , World Languages and Cultures
Thompson, Richard  P. , Natural Resources Management and Environmental Sciences
Thorncroft, Glen E. , Mechanical Engineering
Thulin, Andrew J. , College of Agriculture, Food and  Environmental Sciences
Toker, Umut  , Architecture
Tomanek, Lars  , Biological Sciences
Torres-Bustamente, Cesar  , Landscape Architecture
Trice, Tom R. , History
Trudell, Carmen Gayle , Architecture
Tseng, Marilyn  , Kinesiology
Tubeleih, Ashraf  , Horticulture and Crop Science
Tully-Doyle, Ryan  , Mathematics
Turner, Clark S. , Computer Science
Twomey, Colleen Larkin , Graphic Communication
Vagnoni, David  , Animal Science
Vakalis, Ignatios  , Computer Science
Valencia-Laver, Debra L. , College of Liberal Arts, Psychology and  Child Development
Vasilaky, Kathryn N. , Economics
Vees, Dina  , Graphic Communication
Velasquez, Gloria  , World Languages and Cultures
Ventura, Alison K. , Kinesiology
Ventura, Jonathan  , Computer Science
Verma, Priya O. , Natural Resources Management and Environmental Sciences
Vernon, J. Scott  , Agricultural Education and Communication
Villablanca, Francis X. , Biological Sciences
Vokos, Stamatis  , Physics
Volpe, Richard  , Agribusiness
Vredevoe, Larisa K. , Biological Sciences
Waitinas, Catherine  , English
Waldorf, Daniel  , Industrial and Manufacturing Engineering
Walker, John L. , Statistics
Wallace, Robert  , Philosophy
Walter, Ryan K. , Physics
Wang, Xuan  , Industrial and Manufacturing Engineering
Wang, Cindy  , Marketing
Wang, Long  , Civil and Environmental Engineering
Ward, Sandra M. , Chemistry and Biochemistry
Watts, David J. , Landscape Architecture
Watts, Katharine R. , Chemistry and Biochemistry
Weber, Paul A. , Construction Management
Weber, TJ  , Marketing
Wendt, Dean E. , College of Science and Mathematics, Biological Sciences
Werner, James  , Art and Design
Westermann, Kimberly  , Accounting
Westphal, Russell  , Mechanical Engineering
White, Crow  , Biological Sciences
White, Matthew E. , Mathematics
White, Emily  , Architecture
White, Corey D. , Economics
White, Arthur  , Music
Whitt, Michael D. , Biomedical Engineering
Widmann, James M. , Mechanical Engineering
Wilkinson, Steven P. , Chemistry and Biochemistry
Williams, Jean M. , Political Science
Williams, Amber D.  , Psychology and Child Development
Wilson, Stewart  , Natural Resources Management and Environmental Sciences
Winstead, Candace R. , Biological Sciences
Wissel, Stephanie  , Physics
Wolf, Marianne McGarry , Agribusiness
Wong, Jeffrey C. , Horticulture and Crop Science
Woo, Jeong  , Construction Management
Wood, Zoe J. , Computer Science
Wood, Leah  , School of Education
Woodruff, Christopher  , Music
Wright, Ava  , Philosophy
Wroldsen, Jack  , Accounting
Wu, Xi  , Mechanical Engineering
Xing, Siyuan  , Mechanical Engineering
Yang, Tao H. , Industrial and Manufacturing Engineering
Yeh, Grace I. , Ethnic Studies, Communication Studies
Yep, Alejandra  , Biological Sciences
Yeung, Po Sai Marie  , Biological Sciences
Yeung, Vincent  , Animal Science
Yip, Christopher L. , Architecture
Yongcheng, Zhan  , Management, HR, and Information Systems
York, Jonathan  , Industrial Technology and Packaging
Yoshinobu, Stan  , Mathematics
Yost, Jennifer M. , Biological Sciences
Yu, Xiao-Hua ,  (2000
Zambrano, Eduardo  , Economics
Zhang, Ning  , Political Science
Zhang, Shanju  , Chemistry and Biochemistry
Zhang, Xiaozheng ,  (2003
Zigler, David F. , Chemistry and Biochemistry
Zoerb, Matthew C. , Chemistry and Biochemistry
Zoller, David J. , Philosophy
